First Name,Last Name,Email,Password,Date of Birth
Христина,Юрчук,pavlohaida@example.net,Ct!4Adhj24,1977-04-12
Назар,Охримович,koberemko@example.net,ZgzG33Ed#I,1978-08-20
Данна,Авраменко,iosyp23@example.org,2m%e6YZi$(,1988-07-09
Юстина,Проценко,orest03@example.org,4o%SR)0_^c,1989-10-13
Адам,Власенко,odarkavasylechko@example.com,^p(EW_eit7,2002-08-10
Алла,Вдовиченко,khudobiakmykyta@example.net,4IlH03EiT_,2005-11-08
Петро,Демиденко,chavriushenko@example.com,)1Wvpr&PX1,1965-12-06
Леонід,Забарний,dzyndraheorhii@example.org,%3MOECh!8F,1988-03-05
Пармен,Єрошенко,devdiukmaksym@example.net,gQ#7XTUrz*,2006-08-19
Леон,Бевзенко,iaroshvasyl@example.net,FIXn6Dtq(O,1993-02-20
Дарина,Перебийніс,svitlanamazur@example.com,*3SnP+&e^V,1990-12-20
Еріка,Давиденко,barabashamvrosii@example.com,v&1qMuOwI(,2005-07-01
Миколай,Василечко,varfolomii44@example.com,#h2Rfi@nAW,1980-02-13
Світлана,Алексеєнко,wtytarenko@example.org,Zkkv0Nl+F^,1976-01-07
Михайлина,Алексеєнко,vkalchenko@example.net,mbd5aQLl(c,1967-06-01
Георгій,Лукаш,sviatoslavaokhrimenko@example.org,0$(uI^w8$D,1992-03-01
Єва,Зінчук,hresliubov@example.net,ImoSZ*%Z@8,1964-11-19
Євген,Чаленко,oryna29@example.org,q96ySgg&(%,1983-02-03
Єлисей,Затула,ielysei29@example.org,Rm8wpYVo)$,1993-10-24
Святослава,Сич,medvedenkovioletta@example.org,WlHX1Mjj*#,1988-02-13
Охрім,Міщенко,eduard74@example.org,rl18Ooo09%,1986-05-21
Клавдія,Хоменко,tsiutsiuraleonid@example.org,)2l$iyGDWf,1968-06-28
Єва,Примаченко,worlyk@example.com,+6T@A%Xc0a,1976-08-10
Левко,Палій,vhavryshkevych@example.org,A8Wlg3ws(U,1992-11-18
Андрій,Конопленко,miroshnychenkosviatoslav@example.net,rI5Tlm)##v,1966-11-11
Богдан,Бабак,bbevz@example.org,S85hJNb)J$,1978-12-04
Алевтин,Фесенко,karpenkoazar@example.org,%seL1h6uA3,1970-02-28
Василина,Атрощенко,stepanbandera@example.net,)7D^d^SS10,1993-01-06
Ольга,Штепа,ishchakzynovii@example.com,Edr8dE6h&0,1977-01-04
Ольга,Шутько,skorykprokhir@example.com,ET2Du26##Z,1987-03-03
Ірина,Демиденко,ivanchenkohryhorii@example.net,&3P%%CPd@p,1993-11-09
Лілія,Байдак,ostappanchuk@example.org,wW52GvTlq#,1984-02-21
Юстина,Ткач,lvertyporokh@example.com,$8A@f&kYHk,1986-11-11
Кирило,Симоненко,vzakharenko@example.net,(yTd1Gxe1j,1968-12-10
Орися,Корж,syrotenkomykyta@example.com,86soPl#Z_h,1979-10-29
Тимофій,Алексеєнко,borys34@example.org,lBK2fDsI+7,2005-09-30
Ольга,Деревʼянко,liliiazhadan@example.org,e%7GELhM9c,1996-03-12
Алла,Гаврилів,oleksandr36@example.org,$rDR@sVi76,1969-12-15
Галина,Романець,mpylypenko@example.org,4yLLCork!s,1998-01-06
Альберт,Луценко,cpustovit@example.net,DRtd_61tj^,2002-08-03
Амалія,Вівчаренко,jsachenko@example.com,$0RE(mKbrA,1978-04-03
Алла,Орлик,khrystynabaida@example.com,)tYg8b3pp5,1969-04-23
Миколай,Бевз,vdarahan@example.com,ylO2fRRz!(,2002-03-28
Олег,Швачко,albertudovychenko@example.org,oS6RCbp+Q@,1987-05-05
Аарон,Ванченко,albina50@example.org,_lwd4VGfo5,1990-01-18
Андрій,Таран,stanislavirvanets@example.net,@f1B#Kpba!,1980-05-30
Єва,Бабко,ihnat08@example.com,7U4WTxxuz%,1992-06-12
Василь,Корсун,tarasaleksandrenko@example.com,#Y14Hz*mk+,1987-12-20
Єлисавета,Андрейко,priska27@example.org,dIO4$Oicb(,2005-04-21
Галина,Дробʼязко,oleksandrmishchenko@example.com,_c9j)Veihb,1983-09-04
Лесь,Гречко,hzinkevych@example.com,_7wqqXj7uG,1979-12-22
Данило,Штепа,drozdomelian@example.org,RZNcSYy!!5,1999-05-16
Дарина,Петлюра,xparasiuk@example.org,@hTrSZSS7u,1979-05-31
Єлисавета,Худяк,allazasukha@example.net,*j9g2zUj_Z,1988-03-29
Болеслав,Терещук,arkadiivovk@example.org,4N5ZAg!C_w,1969-03-23
Соломія,Павличенко,oleksandrtytarenko@example.net,&8DBUWHqW6,1967-03-02
Трохим,Черненко,sliusareduard@example.org,$ILoZAvko3,1978-11-07
Пилип,Демʼянюк,tsiupavadym@example.org,%yR3JCldRF,1994-09-08
Альбіна,Христенко,kozakliudmyla@example.net,^8d6TOUOk4,2002-08-03
Хома,Артюшенко,masliakmyron@example.net,X#K_D5TkKO,1968-06-23
Єлисавета,Шамрай,prymachenkosvitlana@example.org,a0qYhH2r^),2004-12-07
Алевтин,Шухевич,handriichuk@example.com,3%1dPAb4AK,2006-05-22
Данило,Жук,bohuslavaskoryk@example.com,^^7^V!qdQ*,1971-01-09
Камілла,Матвієнко,xusyk@example.com,Y%_A7EkL5G,2005-12-13
Пилип,Уманець,jhres@example.com,_cDs&L%6!9,2005-02-10
Артем,Мірошниченко,alevtyn40@example.org,pQ+9@I(ua&,1975-10-16
Григорій,Петлюра,vitalii87@example.org,&1UJyr50Po,1970-06-01
Оксенія,Сімашкевич,priskaiemelianenko@example.com,Kjf$2ZuY(Q,2000-05-05
Сніжана,Самойленко,nestaikovasylyna@example.com,yd3)rWP7D&,1974-08-19
Азар,Петренко,nestormazur@example.com,$MaC4cebP2,1969-03-15
Богдан,Щербань,prokhir93@example.org,xN2YKjic#M,1974-03-03
Ярослава,Рубець,kderkach@example.org,g1DSWzER%M,1991-01-09
Максим,Захаренко,vasylivashchenko@example.org,x&k32Fx20T,1984-01-02
Зиновій,Девдюк,tiarosh@example.com,94hYL$hc#(,1999-03-23
Одарка,Ткаченко,hannateslenko@example.org,z^8EEhIfoC,1967-10-20
Варфоломій,Дубас,rzhuchenko@example.org,(5448DKlOT,1964-12-12
Демид,Бевзенко,chalenkoopanas@example.com,q_13vK%aG^,1999-02-10
Борислав,Пелех,vpalii@example.org,$9AzRR+huB,1971-03-02
Ірена,Павличенко,iefymenkoedyta@example.com,Aa)2OOp9Ua,2005-02-13
Юстина,Бабич,risaievych@example.com,G4YVoGlZ!B,1985-11-01
Мілена,Пелех,akymenkonazar@example.org,Q%L33R3pzh,2006-05-12
Марина,Журавель,uriabovil@example.net,R61P2f4x_j,1986-05-18
Ярослав,Мірошниченко,mykhailyna13@example.net,&z5GHkke@q,2002-08-19
Костянтин,Вишиваний,borys81@example.com,0f2XBuRft_,1972-08-25
Гліб,Василевич,kylymnykanton@example.net,w2lP6jAj^G,1991-11-29
Лариса,Корбут,spas16@example.net,^Ew6(enjN),2000-09-20
Борис,Забіла,aleksiukvadym@example.com,@^W4_IL#Oa,1981-06-07
Ганна,Фурс,stetsmariia@example.net,+07BF%OzJ9,1995-05-08
Юхим,Хоменко,stepan10@example.net,m4e4H7t5d(,1983-12-25
Дарина,Кармалюк,lprytula@example.net,(3Rg#5EtbS,1968-10-18
Павло,Лесик,alekseienkokostiantyn@example.com,^UNfNc!eR7,1993-08-20
Людмила,Скопенко,vanchenkooksana@example.net,swBJXs8_#4,1974-01-04
Франц,Масляк,dbatih@example.com,Z4CZHjDV^V,1984-09-24
Варфоломій,Хоменко,leonidviter@example.com,6#LOhrfO#T,1993-02-07
Валерій,Гаврюшенко,semensimashkevych@example.com,&sVdSbpTR7,2004-04-10
Азар,Авдєєнко,oiushchenko@example.net,3+1T&mxcnc,1995-09-07
Гордій,Зінченко,vasyl44@example.net,IO)6jW#pcW,1988-02-15
Леон,Назаренко,veniiamynpavlychenko@example.net,zH8Furot!1,1968-11-08
Любов,Дейсун,liarosh@example.net,S_Tc)9HbBj,1994-09-27
Соломон,Затула,tymofiiiakymenko@example.net,a^0#QTxp!^,1964-07-08
